location_id,municipality_name,poblacion,afiliados-ss,autonomos,empresas,personas-paradas,renta-bruta-media,renta-disponible-media,viviendas-familiares,viviendas-principales,afiliados-ss_PCP,autonomos_PCP,empresas_PCP,personas-paradas_PCP,viviendas-familiares_PCP,viviendas-principales_PCP
28022,Boadilla del Monte,49762,29031,4527,4875,1466,49598,36749,16380,14504,58.3396969575178,9.09730316305615,9.79663196816848,2.94602306981231,32.9166834130461,29.1467384751417
28152,Torrelodones,23123,6427,1956,2180,730,45691,34248,8253,6962,27.7948363101674,8.4591099770791,9.42784240799204,3.15702979717165,35.6917355014488,30.1085499286425
28104,Paracuellos de Jarama,23104,5908,1475,1537,822,37245,28974,7244,6976,25.5713296398892,6.38417590027701,6.65252770083103,3.55782548476454,31.3538781163435,30.1939058171745
28079,Madrid,3165541,1913935,185530,287918,174212,34837,27129,1530957,1320531,60.4615451197757,5.8609255100471,9.09538053684978,5.50338788851574,48.3632023720432,41.7158078192638
28162,Valdeolmos-Alalpardo,3880,972,330,292,166,33094,26137,1870,1254,25.0515463917526,8.50515463917526,7.52577319587629,4.27835051546392,48.1958762886598,32.319587628866
28090,Moralzarzal,12372,2303,783,780,582,33015,26097,6045,4263,18.6146136437116,6.32880698351115,6.30455868089234,4.70417070805044,48.8603297769156,34.4568380213385
28026,Brunete,10374,2519,788,744,510,29486,23644,4086,3402,24.2818584923848,7.59591285907075,7.17177559282822,4.91613649508386,39.3869288606131,32.7935222672065
28108,Pedrezuela,5456,953,358,347,331,28367,22786,3039,1959,17.467008797654,6.56158357771261,6.3599706744868,6.06671554252199,55.700146627566,35.9054252199413
28047,Collado Villalba,61597,13462,3197,3693,4177,26194,21288,27741,22055,21.854960468854,5.19018783382308,5.99542185496047,6.78117440784454,45.0362842346218,35.8053151939218
28005,Alcalá de Henares,195907,56240,8070,8727,13013,25958,21234,78917,71864,28.7074989663463,4.11930150530609,4.45466471335889,6.64243748309147,40.2828893301413,36.6827116948348
28161,Valdemoro,72988,20640,3732,3874,4648,25956,21255,27598,24839,28.2786211432016,5.11316928810215,5.30772181728503,6.36817011015509,37.8116950731627,34.0316216364334
28013,Aranjuez,57932,13861,2682,2730,4276,25661,21032,24792,20040,23.9263274183525,4.62956569771456,4.71242145964234,7.3810674583995,42.795001035697,34.5922806048471
28175,Villamantilla,1334,210,100,70,102,25525,20773,737,450,15.7421289355322,7.49625187406297,5.24737631184408,7.64617691154423,55.2473763118441,33.7331334332834
28086,"Molar, El",8263,1298,519,485,514,23736,19491,3491,2991,15.7085804187341,6.28101173907782,5.86953890838678,6.22050102868208,42.2485779983057,36.1975069587317
28148,Torrejón de Ardoz,126981,31791,6075,5729,8886,23510,19473,49209,44581,25.0360290122144,4.78418031044014,4.51169860057804,6.99789732322158,38.7530417936542,35.1084020444003
28012,Anchuelo,1215,163,88,63,68,22248,18507,603,461,13.4156378600823,7.24279835390946,5.18518518518519,5.59670781893004,49.6296296296296,37.9423868312757
28109,Pelayos de la Presa,2471,439,142,176,265,20984,17622,2975,955,17.7660866046135,5.74666127074059,7.12262242007284,10.7244030756779,120.396600566572,38.6483205180089
28008,Aldea del Fresno,2584,448,132,134,255,20626,17421,1989,975,17.3374613003096,5.10835913312694,5.18575851393189,9.86842105263158,76.9736842105263,37.7321981424149
28080,Majadahonda,70755,30841,5151,6292,2304,48493,36173,24645,23069,43.5884389795774,7.28005087979648,8.89265776270228,3.2563069747721,34.8314606741573,32.6040562504417
28903,Tres Cantos,44764,35323,2333,3206,1670,40004,30556,14458,13306,78.9093914752927,5.21177732106157,7.16200518273613,3.73067643642212,32.2982753998749,29.7247788401394
28181,Villaviciosa de Odón,27276,10612,2860,3222,945,39624,30563,11751,9166,38.905997946913,10.4854084176565,11.8125824901012,3.46458424989001,43.0818301803784,33.6046341105734
28177,Villanueva del Pardillo,16950,3393,1201,1196,673,35298,27451,5894,5387,20.0176991150442,7.08554572271386,7.05604719764012,3.97050147492625,34.7728613569322,31.7817109144543
28144,Soto del Real,8483,2260,670,567,367,33973,26539,5214,2316,26.6415183307792,7.89814923965578,6.6839561475893,4.32629965813981,61.4641046799481,27.3016621478251
28123,Rivas-Vaciamadrid,82715,22820,5747,5127,4176,30744,24449,25374,24663,27.588708214955,6.94795381732455,6.19839206915312,5.04866106510306,30.6764190291966,29.8168409599226
28018,Becerril de la Sierra,5439,996,472,459,326,30594,24283,4128,1977,18.3121897407612,8.67806582092296,8.43905129619415,5.99374885089171,75.896304467733,36.3485934914506
28172,Villalbilla,12719,2598,1079,875,642,30278,24142,5680,3740,20.4261341300417,8.48337133422439,6.87947165657677,5.0475666325969,44.6575988678355,29.4048274235396
28087,"Molinos, Los",4373,727,333,311,262,30039,23827,2871,1642,16.6247427395381,7.61490967299337,7.11182254745026,5.99131031328607,65.6528698833753,37.5485936428081
28149,Torrejón de la Calzada,8171,4979,742,662,455,28127,22725,2786,2501,60.9350140741647,9.08089585118101,8.1018235222127,5.56847387100722,34.0961938563211,30.6082486843716
28068,Guadarrama,15488,3511,1011,1032,768,27314,22118,9539,5967,22.6691632231405,6.52763429752066,6.66322314049587,4.95867768595041,61.589617768595,38.5266012396694
28002,Ajalvir,4440,3995,278,597,192,26525,21494,1564,1533,89.9774774774775,6.26126126126126,13.4459459459459,4.32432432432432,35.2252252252252,34.527027027027
28067,Guadalix de la Sierra,5982,813,435,337,458,25799,20865,3533,2101,13.5907723169509,7.27181544633902,5.63356736877299,7.65630224005349,59.0605148779672,35.1220327649616
28140,Serranillos del Valle,3990,1066,413,335,258,25003,20571,1566,1163,26.7167919799499,10.3508771929825,8.39598997493734,6.46616541353383,39.2481203007519,29.1478696741855
28130,San Fernando de Henares,40095,21403,2226,2589,2486,23936,19724,15304,14596,53.3807207881282,5.55181444070333,6.45716423494201,6.2002743484225,38.1693477989774,36.4035415887268
28089,Moraleja de Enmedio,4984,2138,514,533,288,23587,19576,1779,1623,42.8972712680578,10.3130016051364,10.6942215088283,5.7784911717496,35.6942215088282,32.5642054574639
28036,Casarrubuelos,3589,802,240,244,236,22596,18900,1240,1076,22.3460573976038,6.68709947060463,6.79855112844804,6.57564781276121,34.5500139314572,29.9804959598774
28116,Pozuelo del Rey,1073,138,77,75,70,22484,18762,579,408,12.861136999068,7.17614165890028,6.98974836905871,6.5237651444548,53.9608574091333,38.0242311276794
28132,San Martín de la Vega,18734,4494,1113,1116,1397,22123,18511,7553,6736,23.9884701612042,5.94106971282161,5.95708337781574,7.45702999893242,40.3170705668837,35.9560158001495
28004,"Álamo, El",9017,1694,639,615,685,21910,18354,4087,2916,18.7867361650216,7.08661417322835,6.82045026061883,7.59676167239658,45.3254962847954,32.3389153820561
28147,Titulcia,1258,181,88,64,93,21341,18005,679,467,14.3879173290938,6.99523052464229,5.08744038155803,7.39268680445151,53.9745627980922,37.1224165341812
28091,Morata de Tajuña,7548,1123,459,327,603,20730,17475,3394,2673,14.8781134075252,6.08108108108108,4.33227344992051,7.98887122416534,44.9655537890832,35.4133545310016
28180,Villarejo de Salvanés,7265,2215,469,376,561,20270,17190,3740,2615,30.488644184446,6.45560908465244,5.17549896765313,7.72195457673778,51.4796971782519,35.9944941500344
28052,Chinchón,5294,1388,407,367,364,20156,16866,3045,1969,26.2183604080091,7.68794862108047,6.93237627502833,6.87570834907442,57.5179448432187,37.1930487344163
28110,Perales de Tajuña,2799,464,200,166,281,19920,16775,1579,1007,16.5773490532333,7.14540907466952,5.93068953197571,10.0392997499107,56.4130046445159,35.9771346909611
28171,Villa del Prado,6295,1652,447,291,467,19782,16834,4596,2214,26.2430500397141,7.10087370929309,4.62271644162033,7.41858617950755,73.010325655282,35.1707704527403
28019,Belmonte de Tajo,1605,219,112,65,87,18807,16082,967,633,13.6448598130841,6.97819314641745,4.04984423676012,5.42056074766355,60.2492211838006,39.4392523364486
28031,Cadalso de los Vidrios,2788,495,171,188,358,17971,15339,2862,1123,17.7546628407461,6.13342898134864,6.74318507890961,12.8407460545194,102.654232424677,40.2797704447633
28055,Estremera,1319,815,94,67,85,16589,14447,957,492,61.7892342683851,7.12661106899166,5.07960576194086,6.44427596664139,72.5549658832449,37.3009855951478
28176,Villanueva de la Cañada,19611,6446,1803,1828,691,44705,33691,8385,5718,32.8693080414053,9.193819795013,9.3212992708174,3.52353271123349,42.7566161847942,29.1571057059813
28169,Venturada,2014,404,202,162,81,42127,31899,1332,707,20.0595829195631,10.0297914597815,8.04369414101291,4.02184707050646,66.137040714995,35.1042701092354
28041,Cobeña,7009,1542,495,434,273,38100,29465,2764,2217,22.0002853474105,7.06234840918819,6.19203880724782,3.89499215294621,39.4350121272649,31.6307604508489
28009,Algete,20311,8069,1468,1761,994,36747,28439,7951,6570,39.7272413962877,7.22761065432524,8.67017872089016,4.89389985722023,39.1462754172616,32.3470040864556
28160,Valdemorillo,12168,2527,1024,1039,679,33196,26205,7054,4412,20.767587113741,8.4155161078238,8.5387902695595,5.5802103879027,57.9717291255753,36.259040105194
28061,Galapagar,32404,5635,2428,2326,1784,32007,25221,15187,11187,17.3898284162449,7.49290211085051,7.17812615726454,5.50549314899395,46.8676706579435,34.5235156153561
28054,"Escorial, El",15364,2575,1116,1018,776,29735,23728,9836,5593,16.7599583441812,7.2637334027597,6.62587867742775,5.05076802915907,64.0197865139287,36.4032803957303
28119,Quijorna,3239,418,233,213,198,26484,21691,1603,1172,12.9052176597715,7.19357826489657,6.5761037357209,6.11299783883915,49.4905835134301,36.1840074096944
28141,Sevilla la Nueva,8905,1729,741,643,529,26190,21296,4022,3033,19.4160583941606,8.32116788321168,7.2206625491297,5.94048287478944,45.1656372824256,34.0595171252106
28065,Getafe,176659,67557,8346,8169,10704,25826,21126,68984,62509,38.2414708562824,4.72435596261725,4.62416293537267,6.05913086794333,39.0492417595481,35.3839883617591
28050,Cubas de la Sagra,5971,1249,507,368,276,25183,20708,2220,1713,20.9177692178865,8.49104002679618,6.16312175514989,4.62234131636242,37.1797018924803,28.6886618656841
28028,Bustarviejo,2370,451,186,176,180,25106,20344,2409,952,19.0295358649789,7.84810126582278,7.42616033755274,7.59493670886076,101.645569620253,40.168776371308
28167,Velilla de San Antonio,12222,11608,786,821,754,24905,20345,4372,4127,94.9762722958599,6.43102601865488,6.71739486172476,6.16920307641957,35.7715594828997,33.7669775814106
28137,"Santos de la Humosa, Los",2435,281,141,115,162,24756,20416,1185,854,11.5400410677618,5.79055441478439,4.72279260780287,6.65297741273101,48.6652977412731,35.0718685831622
28096,Navalcarnero,26954,11159,1704,1567,1950,24552,20245,12065,8846,41.4001632410774,6.32188172441938,5.81360836981524,7.23454774801514,44.7614454255398,32.8188766045856
28057,Fresno de Torote,2044,328,147,105,141,24434,20145,1129,808,16.0469667318982,7.19178082191781,5.13698630136986,6.89823874755382,55.2348336594912,39.5303326810176
28120,Rascafría,1692,407,167,134,83,24390,20573,1758,772,24.0543735224586,9.86997635933806,7.91962174940898,4.90543735224586,103.900709219858,45.6264775413712
28051,Chapinería,2214,406,146,143,173,24275,19912,1397,782,18.3378500451671,6.59439927732611,6.45889792231256,7.81391147244806,63.0984643179765,35.3206865401987
28030,"Cabrera, La",2560,506,194,188,146,23785,19576,1722,915,19.765625,7.578125,7.34375,5.703125,67.265625,35.7421875
28075,Loeches,8388,3922,601,668,564,23749,19638,3563,2827,46.757272293753,7.16499761564139,7.96375774916547,6.7238912732475,42.4773485932284,33.7029089175012
28033,Campo Real,5888,1544,472,460,457,23221,19114,2844,2087,26.2228260869565,8.01630434782609,7.8125,7.76154891304348,48.3016304347826,35.444972826087
28151,Torrelaguna,4697,635,239,231,268,22666,18914,2619,1842,13.5192676176283,5.08835426868214,4.91803278688525,5.70576964019587,55.7589951032574,39.2165211837343
28183,Zarzalejo,1565,359,135,91,121,22586,18815,1622,610,22.9392971246006,8.62619808306709,5.814696485623,7.73162939297125,103.642172523962,38.9776357827476
28156,Valdeavero,1407,270,101,103,114,21825,18365,922,556,19.1897654584222,7.17839374555792,7.32054015636105,8.10234541577825,65.5294953802417,39.5167022032694
28056,Fresnedillas de la Oliva,1547,201,93,79,136,21604,18010,851,603,12.9928894634777,6.01163542340013,5.10665804783452,8.79120879120879,55.0096961861668,38.9786683904331
28168,"Vellón, El",1846,179,110,97,138,21441,18062,1480,718,9.69664138678223,5.95882990249187,5.2546045503792,7.47562296858071,80.1733477789816,38.8949079089924
28058,Fuenlabrada,194171,45291,9708,10248,13949,21340,17878,70835,66655,23.3253163448713,4.99971674451901,5.27782212585814,7.18387400796205,36.480730902143,34.3279892465919
28901,Lozoyuela-Navas-Sieteiglesias,1210,365,88,80,78,21328,17869,1930,489,30.1652892561983,7.27272727272727,6.61157024793388,6.44628099173554,159.504132231405,40.4132231404959
28099,Navas del Rey,2659,507,157,168,266,20851,17672,1736,971,19.0673185408048,5.9044753666792,6.31816472358029,10.0037608123355,65.287702143663,36.5174877773599
28133,San Martín de Valdeiglesias,8344,1579,484,501,730,20851,17501,5865,2908,18.9237775647172,5.80057526366251,6.00431447746884,8.74880153403643,70.2900287631831,34.8513902205177
28043,Colmenar de Oreja,7946,1313,595,507,649,18770,16203,4925,2979,16.5240372514473,7.48804429901837,6.38056883966776,8.1676315127108,61.9808708784294,37.4905612886987
28060,Fuentidueña de Tajo,1936,305,105,97,193,18386,15807,1419,766,15.754132231405,5.42355371900826,5.0103305785124,9.96900826446281,73.2954545454545,39.5661157024793
28006,Alcobendas,113340,109424,6769,9710,5027,47052,35002,41180,39101,96.5449091229928,5.97229574730898,8.56714310922887,4.43532733368625,36.3331568731251,34.4988530086465
28127,"Rozas de Madrid, Las",94471,64154,7205,10409,3125,46843,35058,35388,29873,67.908670385621,7.62667908670386,11.0181960601666,3.30789342761271,37.4591144372347,31.6213441161838
28045,Colmenar Viejo,48020,11782,2708,2747,2692,30388,24195,18927,15873,24.5356101624323,5.6393169512703,5.72053311120367,5.60599750104123,39.4148271553519,33.054977092878
28131,San Lorenzo de El Escorial,18038,4463,1202,1278,890,30038,23987,10030,7110,24.7422108881251,6.66370994567025,7.08504268765939,4.93402816276749,55.6048342388291,39.4167867834571
28023,"Boalo, El",7225,1491,604,504,411,30023,23854,4283,2678,20.636678200692,8.3598615916955,6.9757785467128,5.68858131487889,59.280276816609,37.0657439446367
28179,Villar del Olmo,1981,359,231,145,111,28051,22466,1209,747,18.1221605249874,11.660777385159,7.31953558808682,5.60323069156991,61.0297829379101,37.7082281675921
28059,Fuente el Saz de Jarama,6403,1886,475,554,392,26561,21489,2858,2198,29.4549429954709,7.41839762611276,8.65219428392941,6.12213025144464,44.6353271903795,34.327658909886
28017,Batres,1582,217,141,124,105,25892,21040,993,526,13.716814159292,8.91276864728192,7.83817951959545,6.63716814159292,62.7686472819216,33.2490518331226
28007,Alcorcón,167354,45991,7834,8744,9873,25700,21042,70857,66066,27.4812672538451,4.68109516354554,5.22485270743454,5.89947058331441,42.3395915245527,39.4767976863415
28032,Camarma de Esteruelas,7050,2264,505,550,454,25528,20921,2903,2424,32.113475177305,7.16312056737589,7.80141843971631,6.43971631205674,41.177304964539,34.3829787234043
28113,Pinto,49522,17762,2569,2895,3237,25317,20744,19695,17401,35.8668874439643,5.18759339283551,5.84588667662857,6.53648883324583,39.7702031420379,35.1379185008683
28125,Robledo de Chavela,4001,872,239,251,265,25029,20517,3423,1459,21.7945513621595,5.97350662334416,6.27343164208948,6.62334416395901,85.5536115971007,36.4658835291177
28049,Coslada,84533,27039,4232,4685,4798,24653,20269,31567,30490,31.9863248672116,5.0063288893095,5.54221428317935,5.67588988915571,37.3428128659813,36.0687542143305
28042,Colmenar del Arroyo,1632,448,96,103,125,24248,19953,1104,588,27.4509803921569,5.88235294117647,6.31127450980392,7.6593137254902,67.6470588235294,36.0294117647059
28145,Talamanca de Jarama,3451,588,223,203,186,24014,19682,1949,1152,17.0385395537525,6.46189510286873,5.88235294117647,5.38974210373805,56.476383656911,33.3816285134744
28027,Buitrago del Lozoya,1861,472,147,137,93,23268,19393,1233,740,25.3627082213864,7.89897904352499,7.36163353036002,4.99731327243417,66.2547017732402,39.7635679742074
28014,Arganda del Rey,54256,22063,3072,3670,4392,22952,19057,20458,18925,40.664626953701,5.6620465939251,6.76422884104984,8.09495723975228,37.7064287820702,34.8809348274845
28106,Parla,124661,16386,5352,4241,10256,21033,17761,47093,43712,13.1444477422771,4.29324327576387,3.40202629531289,8.22711192754751,37.7768508194223,35.0646954540714
28135,Santa María de la Alameda,1177,212,116,89,102,20612,17272,2488,517,18.0118946474087,9.85556499575191,7.56159728122345,8.6661002548853,211.384876805438,43.9252336448598
28102,Orusco de Tajuña,1225,218,47,52,103,20102,16999,994,488,17.7959183673469,3.83673469387755,4.24489795918367,8.40816326530612,81.1428571428571,39.8367346938776
28165,Valdilecha,2749,652,157,137,233,19868,16876,1626,1023,23.7177155329211,5.71116769734449,4.98363041105857,8.47580938523099,59.1487813750455,37.2135321935249
28115,Pozuelo de Alarcón,84989,76433,7782,10154,2405,61643,44415,29840,26769,89.932814834861,9.15647907376249,11.9474284907459,2.82977797126687,35.1104260551365,31.4970172610573
28129,San Agustín del Guadalix,12862,3950,986,938,592,39913,30395,4657,4186,30.7106204322811,7.66599284714663,7.2928004975898,4.60270564453429,36.2074327476287,32.5454828176022
28072,Hoyo de Manzanares,7965,2153,618,561,344,35480,27707,5003,2695,27.0307595731325,7.75894538606403,7.04331450094162,4.31889516635279,62.812303829253,33.8355304456999
28093,Navacerrada,2885,650,238,225,112,31882,25085,2297,1105,22.5303292894281,8.24956672443674,7.79896013864818,3.88214904679376,79.6187175043327,38.3015597920277
28134,San Sebastián de los Reyes,86206,42115,5033,6545,4192,31520,24786,32465,29710,48.853908080644,5.83834071874348,7.59227895970118,4.86277057281396,37.6597916618333,34.4639584251676
28046,Collado Mediano,6583,1235,556,522,427,31384,24728,4255,2391,18.7604435667629,8.44599726568434,7.9295154185022,6.48640437490506,64.6361841105879,36.3208263709555
28010,Alpedrete,14417,2775,1012,1095,668,31015,24632,7249,4910,19.248109870292,7.01949087882361,7.59520011098009,4.63341888048831,50.2809183602691,34.0570160227509
28053,Daganzo de Arriba,9981,3180,623,691,491,29772,23746,3691,3215,31.8605350165314,6.24185953311291,6.92315399258591,4.9193467588418,36.9802624987476,32.2112012824366
28082,Manzanares el Real,8387,1261,606,491,500,29740,23659,5533,3007,15.035173482771,7.22546798616907,5.85429831882676,5.96160724931442,65.9711458209133,35.8531059973769
28044,Colmenarejo,8945,1506,554,546,514,29084,23372,3749,3054,16.836221352711,6.19340413638904,6.10396869759642,5.74622694242594,41.9116825041923,34.1419787590833
28100,Nuevo Baztán,6018,1181,549,474,386,28980,23189,3941,2067,19.6244599534729,9.12263210368893,7.87637088733799,6.41409106015287,65.4868727151878,34.3469591226321
28015,Arroyomolinos,28177,8014,2255,1846,1419,28910,23223,10043,7813,28.4416367959683,8.0029811548426,6.55144266600419,5.03602228768144,35.6425453383966,27.72828903006
28066,Griñón,9938,5648,1067,1016,455,28365,22799,3879,3185,56.8323606359428,10.7365667136245,10.2233849869189,4.57838599315758,39.0319983900181,32.048701952103
28085,Miraflores de la Sierra,5754,1048,441,427,419,27366,21942,4816,2280,18.2134167535627,7.66423357664234,7.42092457420925,7.28189085853319,83.698296836983,39.6246089676747
28083,Meco,13426,5385,725,778,855,26285,21345,5222,4370,40.1087442276181,5.39997020706093,5.794726649784,6.36824072694771,38.8946819603754,32.5487859377328
28038,Cercedilla,6751,1712,500,484,376,26191,21224,5038,2713,25.3592060435491,7.40631017627018,7.16930825062954,5.56954525255518,74.6259813360984,40.186639016442
28164,Valdetorres de Jarama,4260,849,338,292,293,25925,21148,2239,1455,19.9295774647887,7.93427230046948,6.85446009389671,6.87793427230047,52.5586854460094,34.1549295774648
28178,Villanueva de Perales,1486,527,118,111,106,24212,20084,714,586,35.464333781965,7.94078061911171,7.46971736204576,7.13324360699865,48.0484522207268,39.4347240915209
28094,Navalafuente,1266,211,84,59,119,24013,19707,1184,443,16.6666666666667,6.63507109004739,4.66034755134281,9.39968404423381,93.522906793049,34.9921011058452
28074,Leganés,187173,51932,8486,9200,11934,23661,19625,75514,70949,27.7454547397328,4.53377356776886,4.91523884320922,6.37591960378901,40.344494131098,37.9055739877012
28150,Torrejón de Velasco,4243,868,308,291,260,23646,19642,1769,1417,20.4572236625029,7.25901484798492,6.85835493754419,6.12773980674051,41.6921989158614,33.3961819467358
28092,Móstoles,205614,40674,9522,9280,13768,22808,18976,79592,74951,19.7817269252094,4.6310076162129,4.51331135039443,6.6960420983007,38.709426400926,36.4522843775229
28154,Torres de la Alameda,7769,2850,548,560,610,22749,18957,2940,2587,36.6842579482559,7.05367486162955,7.20813489509589,7.85171836787231,37.8427081992534,33.2990088814519
28095,Navalagamella,2423,289,141,112,187,22183,18484,1403,850,11.9273627734214,5.81923235658275,4.6223689640941,7.71770532397854,57.9034255055716,35.080478745357
28040,Ciempozuelos,23773,6331,1084,1077,1566,22005,18394,9767,8043,26.6310520338199,4.55979472510832,4.53034955621924,6.58730492575611,41.0844235056577,33.8324990535481
28084,Mejorada del Campo,22900,5937,1389,1504,1592,21957,18388,8502,7594,25.9257641921397,6.06550218340611,6.56768558951965,6.95196506550218,37.1266375545852,33.1615720524017
28174,Villamanta,2497,452,171,151,165,21630,18110,1232,875,18.1017220664798,6.84821786143372,6.04725670804966,6.6079295154185,49.3392070484581,35.0420504605527
28073,Humanes de Madrid,19563,9896,1155,2048,1464,21031,17753,7075,6430,50.5852885549251,5.90400245361141,10.4687420129837,7.48351479834381,36.1652098348924,32.8681695036549
28035,Carabaña,1948,265,127,114,152,20306,17245,1649,789,13.6036960985626,6.51950718685832,5.85215605749487,7.80287474332649,84.6509240246407,40.5030800821355
28146,Tielmes,2620,579,140,112,216,18939,16127,1466,953,22.0992366412214,5.34351145038168,4.27480916030534,8.24427480916031,55.9541984732824,36.3740458015267
28170,Villaconejos,3350,602,256,189,290,17011,14913,1712,1248,17.9701492537313,7.64179104477612,5.64179104477612,8.65671641791045,51.1044776119403,37.2537313432836
28037,Cenicientos,1986,231,98,93,225,15844,13896,1986,824,11.631419939577,4.93454179254783,4.68277945619335,11.3293051359517,100,41.4904330312185
28020,Berzosa del Lozoya,198,53,7,12,15,NA,NA,171,85,26.7676767676768,3.53535353535354,6.06060606060606,7.57575757575758,86.3636363636364,42.9292929292929
28034,Canencia,451,100,37,33,30,NA,NA,692,217,22.1729490022173,8.2039911308204,7.31707317073171,6.65188470066519,153.436807095344,48.1152993348115
28097,Navarredonda y San Mamés,132,20,13,12,4,NA,NA,323,81,15.1515151515152,9.84848484848485,9.09090909090909,3.03030303030303,244.69696969697,61.3636363636364
28101,Olmeda de las Fuentes,326,115,32,25,16,NA,NA,284,146,35.2760736196319,9.8159509202454,7.66871165644172,4.9079754601227,87.1165644171779,44.7852760736196
28117,Prádena del Rincón,134,33,14,10,2,NA,NA,202,51,24.6268656716418,10.4477611940299,7.46268656716418,1.49253731343284,150.746268656716,38.0597014925373
28143,Somosierra,77,25,8,5,5,NA,NA,98,43,32.4675324675325,10.3896103896104,6.49350649350649,6.49350649350649,127.272727272727,55.8441558441558
28155,Valdaracete,641,66,31,24,50,NA,NA,470,250,10.2964118564743,4.83619344773791,3.74414976599064,7.8003120124805,73.3229329173167,39.0015600624025
28157,Valdelaguna,841,92,35,52,70,NA,NA,728,319,10.9393579072533,4.16171224732461,6.18311533888228,8.32342449464923,86.563614744352,37.9310344827586
28173,Villamanrique de Tajo,705,105,45,38,66,NA,NA,647,294,14.8936170212766,6.38297872340426,5.39007092198582,9.36170212765957,91.7730496453901,41.7021276595745
28001,"Acebeda, La",66,14,6,6,5,NA,NA,147,34,21.2121212121212,9.09090909090909,9.09090909090909,7.57575757575758,222.727272727273,51.5151515151515
28003,Alameda del Valle,208,52,16,18,9,NA,NA,393,113,25,7.69230769230769,8.65384615384615,4.32692307692308,188.942307692308,54.3269230769231
28039,Cervera de Buitrago,157,30,6,8,8,NA,NA,215,81,19.1082802547771,3.82165605095541,5.09554140127389,5.09554140127389,136.942675159236,51.5923566878981
28062,Garganta de los Montes,351,75,37,30,19,NA,NA,658,179,21.3675213675214,10.5413105413105,8.54700854700855,5.41310541310541,187.464387464387,50.997150997151
28122,Ribatejada,689,82,34,36,65,NA,NA,626,279,11.9013062409289,4.93468795355588,5.22496371552975,9.43396226415094,90.8563134978229,40.4934687953556
28128,Rozas de Puerto Real,533,169,19,25,32,NA,NA,694,218,31.7073170731707,3.56472795497186,4.69043151969981,6.00375234521576,130.206378986867,40.9005628517824
28138,"Serna del Monte, La",77,27,10,12,5,NA,NA,113,41,35.0649350649351,12.987012987013,15.5844155844156,6.49350649350649,146.753246753247,53.2467532467532
28159,Valdemaqueda,779,124,56,47,78,NA,NA,988,351,15.9178433889602,7.18870346598203,6.03337612323492,10.012836970475,126.829268292683,45.0577663671374
28902,Puentes Viejas,627,76,40,29,49,NA,NA,900,296,12.1212121212121,6.37958532695375,4.62519936204147,7.81499202551834,143.540669856459,47.2089314194577
28011,Ambite,595,72,32,29,70,NA,NA,736,261,12.1008403361345,5.3781512605042,4.87394957983193,11.7647058823529,123.697478991597,43.8655462184874
28024,Braojos,201,45,24,18,12,NA,NA,238,86,22.3880597014925,11.9402985074627,8.95522388059701,5.97014925373134,118.407960199005,42.7860696517413
28025,Brea de Tajo,560,473,33,15,60,NA,NA,474,199,84.4642857142857,5.89285714285714,2.67857142857143,10.7142857142857,84.6428571428571,35.5357142857143
28029,Cabanillas de la Sierra,719,120,45,52,33,NA,NA,628,310,16.6898470097357,6.2586926286509,7.23226703755216,4.58970792767733,87.3435326842837,43.115438108484
28064,Gascones,171,53,19,18,11,NA,NA,171,72,30.9941520467836,11.1111111111111,10.5263157894737,6.4327485380117,100,42.1052631578947
28069,"Hiruela, La",54,15,0,0,1,NA,NA,141,36,27.7777777777778,0,0,1.85185185185185,261.111111111111,66.6666666666667
28070,Horcajo de la Sierra-Aoslos,143,43,11,10,5,NA,NA,385,90,30.0699300699301,7.69230769230769,6.99300699300699,3.4965034965035,269.230769230769,62.9370629370629
28076,Lozoya,576,126,43,45,28,NA,NA,787,289,21.875,7.46527777777778,7.8125,4.86111111111111,136.631944444444,50.1736111111111
28107,Patones,537,108,27,28,20,NA,NA,472,194,20.1117318435754,5.02793296089385,5.21415270018622,3.7243947858473,87.8957169459963,36.1266294227188
28118,Puebla de la Sierra,66,26,0,6,,NA,NA,171,52,39.3939393939394,0,9.09090909090909,0,259.090909090909,78.7878787878788
28126,Robregordo,45,7,0,0,1,NA,NA,159,40,15.5555555555556,0,0,2.22222222222222,353.333333333333,88.8888888888889
28136,Santorcaz,851,78,44,41,49,NA,NA,576,322,9.16568742655699,5.17038777908343,4.81786133960047,5.75793184488837,67.6850763807286,37.8378378378378
28158,Valdemanco,911,154,65,71,43,NA,NA,1148,380,16.9045005488474,7.13501646542261,7.79363336992316,4.72008781558727,126.015367727772,41.7124039517014
28163,Valdepiélagos,574,90,48,37,31,NA,NA,469,211,15.6794425087108,8.36236933797909,6.44599303135888,5.4006968641115,81.7073170731707,36.7595818815331
28182,Villavieja del Lozoya,270,45,24,15,12,NA,NA,431,122,16.6666666666667,8.88888888888889,5.55555555555556,4.44444444444444,159.62962962963,45.1851851851852
28021,"Berrueco, El",752,131,40,38,46,NA,NA,831,255,17.4202127659574,5.31914893617021,5.0531914893617,6.11702127659574,110.505319148936,33.9095744680851
28063,Gargantilla del Lozoya y Pinilla de Buitrago,325,112,28,27,13,NA,NA,936,183,34.4615384615385,8.61538461538461,8.30769230769231,4,288,56.3076923076923
28071,Horcajuelo de la Sierra,86,31,7,5,1,NA,NA,165,43,36.046511627907,8.13953488372093,5.81395348837209,1.16279069767442,191.860465116279,50
28088,Montejo de la Sierra,359,154,23,29,11,NA,NA,411,126,42.8969359331476,6.4066852367688,8.07799442896936,3.06406685236769,114.484679665738,35.0974930362117
28114,Piñuécar-Gandullas,185,31,14,17,9,NA,NA,236,77,16.7567567567568,7.56756756756757,9.18918918918919,4.86486486486486,127.567567567568,41.6216216216216
28166,Valverde de Alcalá,430,47,28,21,24,NA,NA,260,175,10.9302325581395,6.51162790697674,4.88372093023256,5.58139534883721,60.4651162790698,40.6976744186046
28016,"Atazar, El",95,12,0,0,7,NA,NA,70,41,12.6315789473684,0,0,7.36842105263158,73.6842105263158,43.1578947368421
28048,Corpa,672,62,29,24,46,NA,NA,407,258,9.22619047619048,4.31547619047619,3.57142857142857,6.84523809523809,60.5654761904762,38.3928571428571
28078,Madarcos,47,16,8,0,1,NA,NA,78,26,34.0425531914894,17.0212765957447,0,2.12765957446809,165.957446808511,55.3191489361702
28111,Pezuela de las Torres,793,131,49,46,40,NA,NA,752,295,16.5195460277427,6.17906683480454,5.80075662042875,5.04413619167718,94.8297604035309,37.2005044136192
28112,Pinilla del Valle,192,21,8,6,11,NA,NA,287,97,10.9375,4.16666666666667,3.125,5.72916666666667,149.479166666667,50.5208333333333
28121,Redueña,261,73,19,14,10,NA,NA,252,133,27.9693486590038,7.27969348659004,5.3639846743295,3.83141762452107,96.551724137931,50.9578544061303
28124,Robledillo de la Jara,99,7,0,0,3,NA,NA,191,46,7.07070707070707,0,0,3.03030303030303,192.929292929293,46.4646464646465
28153,Torremocha de Jarama,906,262,41,57,51,NA,NA,510,285,28.9183222958057,4.52538631346578,6.29139072847682,5.62913907284768,56.2913907284768,31.4569536423841